{"robot0_wrist": {"contact_candidates": [], "normal_candidates": []}, "robot0_palm": {"contact_candidates": [], "normal_candidates": []}, "robot0_ffproximal": {"contact_candidates": [[-0.00036690940032713115, -0.008000999689102173, 0.013671139255166054], [0.0034640412777662277, -0.009469077922403812, 0.029018567875027657], [-0.006247607991099358, -0.007782753556966782, 0.023370129987597466], [0.005449318327009678, -0.008123102597892284, 0.020321939140558243]], "normal_candidates": [[0.0, -0.9962668418884277, -0.08632738888263702], [0.42007961869239807, -0.9072888493537903, 0.018976084887981415], [-0.6088224053382874, -0.7932965159416199, -0.003985852003097534], [0.552176296710968, -0.8336880803108215, -0.008092650212347507]]}, "robot0_ffmiddle": {"contact_candidates": [[0.007693090476095676, -0.006457602605223656, 0.01190810464322567], [-0.0080603351816535, -0.0059163328260183334, 0.013029005378484726], [-0.00048470747424289584, -0.008761235512793064, 0.00907102134078741], [0.0020993188954889774, -0.008668497204780579, 0.015419787727296352]], "normal_candidates": [[0.831152081489563, -0.5560351610183716, -0.003340280381962657], [-0.8313748836517334, -0.5544447898864746, 0.03750723600387573], [0.0, -0.964458703994751, -0.26423367857933044], [0.0, -0.9951944351196289, 0.0979185476899147]]}, "robot0_ffdistal": {"contact_candidates": [[0.006893992889672518, -0.004330254625529051, 0.01754981093108654], [-0.004388067405670881, -0.0006788456230424345, 0.02948371134698391], [-0.007742221467196941, -0.004332936834543943, 0.012867779470980167], [0.0019311151700094342, -0.007584230974316597, 0.008203448727726936], [0.005728109274059534, -0.001610328909009695, 0.027730774134397507], [-0.0021077694837003946, -0.006131079513579607, 0.02142910473048687], [-0.001178559148684144, -0.007120607420802116, 0.014506413601338863], [0.003916339483112097, -0.005247375462204218, 0.022980540990829468]], "normal_candidates": [[0.8252813220024109, -0.5197684168815613, 0.22079743444919586], [-0.47307243943214417, -0.18486036360263824, 0.8614110946655273], [-0.7221189737319946, -0.6828947067260742, 0.11044891923666], [0.009757667779922485, -0.8795870542526245, -0.47563785314559937], [0.814324140548706, -0.34871619939804077, 0.4639753997325897], [-0.07811225950717926, -0.9361165761947632, 0.34290561079978943], [-0.03670194000005722, -0.9925243854522705, 0.1163974478840828], [0.3877890706062317, -0.8853093981742859, 0.25660640001296997]]}, "robot0_lfmetacarpal": {"contact_candidates": [], "normal_candidates": []}, "robot0_lfproximal": {"contact_candidates": [[-0.00036690940032713115, -0.008000999689102173, 0.013671139255166054], [0.0034640412777662277, -0.009469077922403812, 0.029018567875027657], [-0.006247607991099358, -0.007782753556966782, 0.023370129987597466], [0.005449318327009678, -0.008123102597892284, 0.020321939140558243]], "normal_candidates": [[0.0, -0.9962668418884277, -0.08632738888263702], [0.42007961869239807, -0.9072888493537903, 0.018976084887981415], [-0.6088224053382874, -0.7932965159416199, -0.003985852003097534], [0.552176296710968, -0.8336880803108215, -0.008092650212347507]]}, "robot0_lfmiddle": {"contact_candidates": [[0.007693090476095676, -0.0064575024880468845, 0.011908004991710186], [-0.0080603351816535, -0.005916232708841562, 0.013028905726969242], [-0.00048470747424289584, -0.00876113586127758, 0.009070921689271927], [0.0020993188954889774, -0.008668397553265095, 0.015419688075780869]], "normal_candidates": [[0.831152081489563, -0.5560351610183716, -0.003340280381962657], [-0.8313748836517334, -0.5544447898864746, 0.03750724345445633], [0.0, -0.964458703994751, -0.26423367857933044], [0.0, -0.9951944351196289, 0.09791858494281769]]}, "robot0_lfdistal": {"contact_candidates": [[0.006893992889672518, -0.004330254625529051, 0.01754981093108654], [-0.004388067405670881, -0.0006788456230424345, 0.02948371134698391], [-0.007742221467196941, -0.004332936834543943, 0.012867779470980167], [0.0019311151700094342, -0.007584230974316597, 0.008203448727726936], [0.005728109274059534, -0.001610328909009695, 0.027730774134397507], [-0.0021077694837003946, -0.006131079513579607, 0.02142910473048687], [-0.001178559148684144, -0.007120607420802116, 0.014506413601338863], [0.003916339483112097, -0.005247375462204218, 0.022980540990829468]], "normal_candidates": [[0.8252813220024109, -0.5197684168815613, 0.22079743444919586], [-0.47307243943214417, -0.18486036360263824, 0.8614110946655273], [-0.7221189737319946, -0.6828947067260742, 0.11044891923666], [0.009757667779922485, -0.8795870542526245, -0.47563785314559937], [0.814324140548706, -0.34871619939804077, 0.4639753997325897], [-0.07811225950717926, -0.9361165761947632, 0.34290561079978943], [-0.03670194000005722, -0.9925243854522705, 0.1163974478840828], [0.3877890706062317, -0.8853093981742859, 0.25660640001296997]]}, "robot0_mfproximal": {"contact_candidates": [[-0.00036690940032713115, -0.008000999689102173, 0.013671139255166054], [0.0034640412777662277, -0.009469077922403812, 0.029018567875027657], [-0.006247607991099358, -0.007782753556966782, 0.023370129987597466], [0.005449318327009678, -0.008123102597892284, 0.020321939140558243]], "normal_candidates": [[0.0, -0.9962668418884277, -0.08632738888263702], [0.42007961869239807, -0.9072888493537903, 0.018976084887981415], [-0.6088224053382874, -0.7932965159416199, -0.003985852003097534], [0.552176296710968, -0.8336880803108215, -0.008092650212347507]]}, "robot0_mfmiddle": {"contact_candidates": [[0.007693090476095676, -0.006457602605223656, 0.01190810464322567], [-0.0080603351816535, -0.0059163328260183334, 0.013029005378484726], [-0.00048470747424289584, -0.008761235512793064, 0.00907102134078741], [0.0020993188954889774, -0.008668497204780579, 0.015419787727296352]], "normal_candidates": [[0.831152081489563, -0.5560351610183716, -0.003340280381962657], [-0.8313748836517334, -0.5544447898864746, 0.03750723600387573], [0.0, -0.964458703994751, -0.26423367857933044], [0.0, -0.9951944351196289, 0.0979185476899147]]}, "robot0_mfdistal": {"contact_candidates": [[0.006893992889672518, -0.004330254625529051, 0.016549810767173767], [-0.004388067405670881, -0.0006788456230424345, 0.028483711183071136], [-0.007742221467196941, -0.004332936834543943, 0.011867779307067394], [0.0019311151700094342, -0.007584230974316597, 0.007203448563814163], [0.005728109274059534, -0.001610328909009695, 0.026730773970484734], [-0.0021077694837003946, -0.006131079513579607, 0.020429104566574097], [-0.001178559148684144, -0.007120607420802116, 0.01350641343742609], [0.003916339483112097, -0.005247375462204218, 0.021980540826916695]], "normal_candidates": [[0.8252813220024109, -0.5197684168815613, 0.22079752385616302], [-0.47307243943214417, -0.18486036360263824, 0.8614110946655273], [-0.7221189737319946, -0.6828947067260742, 0.11044891923666], [0.009757667779922485, -0.8795870542526245, -0.47563785314559937], [0.814324140548706, -0.34871619939804077, 0.4639753997325897], [-0.07811225950717926, -0.9361165761947632, 0.34290561079978943], [-0.03670194000005722, -0.9925243854522705, 0.11639739573001862], [0.3877890706062317, -0.8853093981742859, 0.25660640001296997]]}, "robot0_rfproximal": {"contact_candidates": [[-0.00036690940032713115, -0.008000999689102173, 0.013671139255166054], [0.0034640412777662277, -0.009469077922403812, 0.029018567875027657], [-0.006247607991099358, -0.007782753556966782, 0.023370129987597466], [0.005449318327009678, -0.008123102597892284, 0.020321939140558243]], "normal_candidates": [[0.0, -0.9962668418884277, -0.08632738888263702], [0.42007961869239807, -0.9072888493537903, 0.018976084887981415], [-0.6088224053382874, -0.7932965159416199, -0.003985852003097534], [0.552176296710968, -0.8336880803108215, -0.008092650212347507]]},