{"robotiq_arg2f_base_link": {"contact_candidates": [], "normal_candidates": []}, "left_outer_knuckle": {"contact_candidates": [], "normal_candidates": []}, "left_outer_finger": {"contact_candidates": [], "normal_candidates": []}, "left_inner_finger": {"contact_candidates": [], "normal_candidates": []}, "left_inner_finger_pad": {"contact_candidates": [[-0.0037499999161809683, 0.002458584262058139, 0.01550134364515543], [-0.0037499999161809683, -0.029045550152659416, -0.00432457635179162], [-0.0037499999161809683, 0.028926800936460495, -0.00548370648175478], [-0.0037499999161809683, 0.027143239974975586, 0.01824064739048481], [-0.0037499999161809683, -0.022811325266957283, 0.018528880551457405], [-0.0037499999161809683, -0.005265402607619762, -0.0057165781036019325], [-0.0037499999161809683, 0.011884735897183418, -0.00017839972861111164], [-0.0037499999161809683, -0.016535000875592232, 0.004595955368131399], [-0.0037499999161809683, 0.01579904370009899, 0.012333476915955544], [-0.0037499999161809683, -0.010127321816980839, 0.017614128068089485], [-0.0037499999161809683, -0.029235685244202614, 0.008190828375518322], [-0.0037499999161809683, 0.027867650613188744, 0.006425777915865183], [-0.0037499999161809683, -0.004645998124033213, 0.00648472411558032], [-0.0037499999161809683, -0.018173428252339363, -0.0055785346776247025], [-0.0037499999161809683, 0.00242760987021029, 0.000469607999548316], [-0.0037499999161809683, 0.020895864814519882, -0.0009114817949011922]], "normal_candidates": [[0.0, 0.0, 1.0], [-1.0, 0.0, 0.0], [-1.0, 0.0, 0.0], [0.0, 0.0, 1.0], [0.0, 0.0, 1.0], [-1.0, 0.0, 0.0], [-1.0, 0.0, 0.0], [-1.0, 0.0, 0.0], [-0.9989334940910339, 0.0, 0.046172846108675], [0.0, 0.0, 1.0], [-1.0, 0.0, 0.0], [-1.0, 0.0, 0.0], [-1.0, 0.0, 0.0], [-1.0, 0.0, 0.0], [-1.0, 0.0, 0.0], [-1.0, 0.0, 0.0]]}, "left_inner_knuckle": {"contact_candidates": [], "normal_candidates": []}, "right_outer_knuckle": {"contact_candidates": [], "normal_candidates": []}, "right_outer_finger": {"contact_candidates": [], "normal_candidates": []}, "right_inner_finger": {"contact_candidates": [], "normal_candidates": []}, "right_inner_finger_pad": {"contact_candidates": [[-0.0037499999161809683, 0.002458584262058139, 0.002627343637868762], [-0.0037499999161809683, -0.029045550152659416, -0.017198575660586357], [-0.0037499999161809683, 0.028926800936460495, -0.01835770718753338], [-0.0037499999161809683, 0.027143239974975586, 0.005366646684706211], [-0.0037499999161809683, -0.022811325266957283, 0.005654881242662668], [-0.0037499999161809683, -0.005265402607619762, -0.01859057880938053], [-0.0037499999161809683, 0.011884735897183418, -0.013052399270236492], [-0.0037499999161809683, -0.016535000875592232, -0.008278044871985912], [-0.0037499999161809683, 0.01579904370009899, -0.0005405233823694289], [-0.0037499999161809683, -0.010127321816980839, 0.004740128759294748], [-0.0037499999161809683, -0.029235685244202614, -0.0046831718645989895], [-0.0037499999161809683, 0.027867650613188744, -0.006448222324252129], [-0.0037499999161809683, -0.004645998124033213, -0.006389276124536991], [-0.0037499999161809683, -0.018173428252339363, -0.018452534452080727], [-0.0037499999161809683, 0.00242760987021029, -0.012404391542077065], [-0.0037499999161809683, 0.020895864814519882, -0.013785481452941895]], "normal_candidates": [[-1.0, 0.0, 0.0], [0.0, 0.0, -1.0], [0.0, 0.0, -1.0], [-1.0, 0.0, 0.0], [-1.0, 0.0, 0.0], [0.0, 0.0, -1.0], [-0.9989315867424011, -0.0, -0.046213846653699875], [-1.0, 0.0, 0.0], [-1.0, 0.0, 0.0], [-1.0, 0.0, 0.0], [-1.0, 0.0, 0.0], [-1.0, 0.0, 0.0], [-1.0, 0.0, 0.0], [0.0, 0.0, -1.0], [-0.9989315867424011, -0.0, -0.046213846653699875], [-0.5148994326591492, 0.0, -0.8572506308555603]]}, "right_inner_knuckle": {"contact_candidates": [], "normal_candidates": []}}