{"panda_hand": {"contact_candidates": [], "normal_candidates": []}, "panda_leftfinger": {"contact_candidates": [[-3.457227649050765e-05, 0.0033670805860310793, 0.05188487097620964], [-5.292479727359023e-06, -0.007525782100856304, 0.037447236478328705], [8.05878244136693e-06, 0.00773926405236125, 0.03729007765650749], [-2.253205639135558e-05, -0.0077043017372488976, 0.04937636852264404], [-5.985641837469302e-05, 0.003396099666133523, 0.04156624525785446], [-3.8118920201668516e-05, -0.002858140040189028, 0.052897412329912186], [-6.125558138592169e-05, -0.003199543571099639, 0.0414234958589077], [-3.530516551109031e-05, 0.007482392247766256, 0.04790344089269638]], "normal_candidates": [[-0.9999724626541138, 0.0003090585523750633, 0.007418222725391388], [-0.9999600052833557, -0.006673108320683241, -0.005957914981991053], [-0.9999462366104126, 0.008099694736301899, -0.0064707654528319836], [-0.9999679327011108, -0.007783621549606323, 0.0018931267550215125], [-0.9999580979347229, 0.007315285503864288, -0.0055039324797689915], [-0.999968945980072, -0.0014869520673528314, 0.007740350905805826], [-0.9999675750732422, -0.006089459639042616, -0.00526764988899231], [-0.9999638199806213, 0.00843490194529295, -0.0010907684918493032]]}, "panda_rightfinger": {"contact_candidates": [[-3.457267666817643e-05, 0.0033670805860310793, 0.05188487097620964], [-5.291582510835724e-06, -0.007525782100856304, 0.037447236478328705], [8.057860213739332e-06, 0.00773926405236125, 0.03729007765650749], [-2.253113780170679e-05, -0.0077043017372488976, 0.04937636852264404], [-5.985682219034061e-05, 0.003396099666133523, 0.04156624525785446], [-3.811857823166065e-05, -0.002858140040189028, 0.052897412329912186], [-6.125520303612575e-05, -0.003199543571099639, 0.0414234958589077], [-3.5306056815898046e-05, 0.007482392247766256, 0.04790344089269638]], "normal_candidates": [[-0.9999724626541138, 0.0003089389647357166, 0.007418222725391388], [-0.9999600052833557, -0.006673227995634079, -0.005957914981991053], [-0.9999462366104126, 0.008099576458334923, -0.006470765918493271], [-0.9999679327011108, -0.007783740758895874, 0.0018931267550215125], [-0.9999580979347229, 0.0073151662945747375, -0.0055039324797689915], [-0.999968945980072, -0.0014870711602270603, 0.007740350905805826], [-0.9999675750732422, -0.006089578848332167, -0.005267649423331022], [-0.9999638199806213, 0.008434782736003399, -0.001090768724679947]]}}
