{"RIQ_palm": {"contact_candidates": [], "normal_candidates": []}, "RIQ_link_0_joint_c": {"contact_candidates": [], "normal_candidates": []}, "RIQ_link_1_joint_c": {"contact_candidates": [[0.010083538480103016, -0.011897938326001167, -0.03610087186098099], [-0.011133547872304916, -0.005124082788825035, -0.02418157458305359], [-0.00950298085808754, -0.014935119077563286, -0.04144510626792908], [0.00546117452904582, -0.004551546648144722, -0.023174138739705086]], "normal_candidates": [[0.015462028793990612, 0.8445711731910706, -0.5352200269699097], [-0.5882667899131775, 0.6901290416717529, -0.4215022027492523], [-0.0154337789863348, 0.8287366032600403, -0.5594260096549988], [0.14572736620903015, 0.8157445788383484, -0.5597537755966187]]}, "RIQ_link_2_joint_c": {"contact_candidates": [[-0.003252666909247637, 0.007493000011891127, -0.02582869678735733], [0.012632060796022415, 0.007493000011891127, -0.014124616980552673], [-0.01289760135114193, 0.007493000011891127, -0.014038965106010437], [0.010419759899377823, 0.007493000011891127, -0.027581091970205307]], "normal_candidates": [[0.0, 0.9996337890625, -0.02706044539809227], [0.45264604687690735, 0.8901048898696899, 0.05314958468079567], [-0.0339636504650116, 0.9963341355323792, 0.07851597666740417], [0.0, 0.9996337890625, -0.02706044539809227]]}, "RIQ_link_3_joint_c": {"contact_candidates": [[-0.0016623305855318904, 0.016243023797869682, -0.012516701593995094], [0.010946015827357769, 0.023438483476638794, -0.025176651775836945], [-0.008511432446539402, 0.023539438843727112, -0.025356315076351166], [0.01190408505499363, 0.014642144553363323, -0.009698590263724327], [0.0009995761793106794, 0.021357908844947815, -0.02151591144502163], [-0.01094142533838749, 0.014583761803805828, -0.009597874246537685], [0.009269317612051964, 0.018986627459526062, -0.017343148589134216], [-0.009735488332808018, 0.019113214686512947, -0.01756778173148632]], "normal_candidates": [[-0.0002580209111329168, 0.8692811727523804, 0.4943179190158844], [0.20455536246299744, 0.8984475135803223, 0.3885217607021332], [-0.0002562527370173484, 0.9198967218399048, 0.392160564661026], [0.15618844330310822, 0.8492647409439087, 0.5043357014656067], [0.0, 0.8694087266921997, 0.49409356713294983], [-0.15584875643253326, 0.8392798900604248, 0.5208842158317566], [0.0, 0.8694086074829102, 0.49409377574920654], [-0.1882075071334839, 0.8538716435432434, 0.48526397347450256]]}, "RIQ_link_0_joint_b": {"contact_candidates": [], "normal_candidates": []}, "RIQ_link_1_joint_b": {"contact_candidates": [[0.010083538480103016, -0.011897938326001167, -0.03610087186098099], [-0.011133547872304916, -0.005124082788825035, -0.02418157458305359], [-0.00950298085808754, -0.014935119077563286, -0.04144510626792908], [0.00546117452904582, -0.004551546648144722, -0.023174138739705086]], "normal_candidates": [[0.015462028793990612, 0.8445711731910706, -0.5352200269699097], [-0.5882667899131775, 0.6901290416717529, -0.4215022027492523], [-0.0154337789863348, 0.8287366032600403, -0.5594260096549988], [0.14572736620903015, 0.8157445788383484, -0.5597537755966187]]}, "RIQ_link_2_joint_b": {"contact_candidates": [[-0.003252666909247637, 0.007493000011891127, -0.02582869678735733], [0.012632060796022415, 0.007493000011891127, -0.014124616980552673], [-0.01289760135114193, 0.007493000011891127, -0.014038965106010437], [0.010419759899377823, 0.007493000011891127, -0.027581091970205307]], "normal_candidates": [[0.0, 0.9996337890625, -0.02706044539809227], [0.45264604687690735, 0.8901048898696899, 0.05314958468079567], [-0.0339636504650116, 0.9963341355323792, 0.07851597666740417], [0.0, 0.9996337890625, -0.02706044539809227]]}, "RIQ_link_3_joint_b": {"contact_candidates": [[-0.0016623305855318904, 0.016243023797869682, -0.012516701593995094], [0.010946015827357769, 0.023438483476638794, -0.025176651775836945], [-0.008511432446539402, 0.023539438843727112, -0.025356315076351166], [0.01190408505499363, 0.014642144553363323, -0.009698590263724327], [0.0009995761793106794, 0.021357908844947815, -0.02151591144502163], [-0.01094142533838749, 0.014583761803805828, -0.009597874246537685], [0.009269317612051964, 0.018986627459526062, -0.017343148589134216], [-0.009735488332808018, 0.019113214686512947, -0.01756778173148632]], "normal_candidates": [[-0.0002580209111329168, 0.8692811727523804, 0.4943179190158844], [0.20455536246299744, 0.8984475135803223, 0.3885217607021332], [-0.0002562527370173484, 0.9198967218399048, 0.392160564661026], [0.15618844330310822, 0.8492647409439087, 0.5043357014656067], [0.0, 0.8694087266921997, 0.49409356713294983], [-0.15584875643253326, 0.8392798900604248, 0.5208842158317566], [0.0, 0.8694086074829102, 0.49409377574920654], [-0.1882075071334839, 0.8538716435432434, 0.48526397347450256]]}, "RIQ_link_1_joint_a": {"contact_candidates": [[0.010083538480103016, -0.011897938326001167, -0.03610087186098099], [-0.011133547872304916, -0.005124082788825035, -0.02418157458305359], [-0.00950298085808754, -0.014935119077563286, -0.04144510626792908], [0.00546117452904582, -0.004551546648144722, -0.023174138739705086]], "normal_candidates": [[0.015462028793990612, 0.8445711731910706, -0.5352200269699097], [-0.5882667899131775, 0.6901290416717529, -0.4215022027492523], [-0.0154337789863348, 0.8287366032600403, -0.5594260096549988], [0.14572736620903015, 0.8157445788383484, -0.5597537755966187]]}, "RIQ_link_2_joint_a": {"contact_candidates": [[-0.003252666909247637, 0.007493000011891127, -0.02582869678735733], [0.012632060796022415, 0.007493000011891127, -0.014124616980552673], [-0.01289760135114193, 0.007493000011891127, -0.014038965106010437], [0.010419759899377823, 0.007493000011891127, -0.027581091970205307]], "normal_candidates": [[0.0, 0.9996337890625, -0.02706044539809227], [0.45264604687690735, 0.8901048898696899, 0.05314958468079567], [-0.0339636504650116, 0.9963341355323792, 0.07851597666740417], [0.0, 0.9996337890625, -0.02706044539809227]]}, "RIQ_link_3_joint_a": {"contact_candidates": [[-0.0016623305855318904, 0.016243023797869682, -0.012516701593995094], [0.010946015827357769, 0.023438483476638794, -0.025176651775836945], [-0.008511432446539402, 0.023539438843727112, -0.025356315076351166], [0.01190408505499363, 0.014642144553363323, -0.009698590263724327], [0.0009995761793106794, 0.021357908844947815, -0.02151591144502163], [-0.01094142533838749, 0.014583761803805828, -0.009597874246537685], [0.009269317612051964, 0.018986627459526062, -0.017343148589134216], [-0.009735488332808018, 0.019113214686512947, -0.01756778173148632]], "normal_candidates": [[-0.0002580209111329168, 0.8692811727523804, 0.4943179190158844], [0.20455536246299744, 0.8984475135803223, 0.3885217607021332], [-0.0002562527370173484, 0.9198967218399048, 0.392160564661026], [0.15618844330310822, 0.8492647409439087, 0.5043357014656067], [0.0, 0.8694087266921997, 0.49409356713294983], [-0.15584875643253326, 0.8392798900604248, 0.5208842158317566], [0.0, 0.8694086074829102, 0.49409377574920654], [-0.1882075071334839, 0.8538716435432434, 0.48526397347450256]]}}
