{"palm_link": {"contact_candidates": [[0.02908991277217865, 0.02934657782316208, 0.0], [-0.0011119621340185404, -0.0378047339618206, 0.0], [-0.03750477358698845, 0.04858037456870079, 0.0], [-0.011007900349795818, 0.010618423111736774, 0.0]], "normal_candidates": [[0.0, -0.0, 1.0], [0.0, -0.0, 1.0], [0.0, 0.0, 1.0], [0.0, -0.0, 1.0]]}, "index_link_1": {"contact_candidates": [[0.006636232603341341, 0.009800000116229057, -0.04045357182621956], [-0.008915095590054989, 0.009800000116229057, 0.0020495925564318895], [0.00824423972517252, 0.009800000116229057, -0.016153793781995773], [-0.009150568395853043, 0.009800000116229057, -0.055477507412433624], [-0.008695711381733418, 0.009800000116229057, -0.027202455326914787], [0.008416743017733097, 0.009800000116229057, 0.0013306374894455075], [0.006600299850106239, 0.009800000116229057, -0.05544106289744377], [-0.00613746140152216, 0.009800000116229057, -0.012819521129131317]], "normal_candidates": [[0.0, 1.0, 0.0], [0.0, 1.0, 0.0], [0.0, 1.0, 0.0], [0.0, 1.0, 0.0], [0.0, 1.0, 0.0], [-0.0, 1.0, 0.0], [0.0, 1.0, 0.0], [0.0, 1.0, 0.0]]}, "index_link_2": {"contact_candidates": [[0.00818105973303318, 0.009800000116229057, -0.029315883293747902], [-0.010366429574787617, 0.009800000116229057, -0.015038974583148956], [-0.00997557770460844, 0.009800000116229057, -0.04177973046898842], [0.005384738091379404, 0.009800000116229057, -0.014606226235628128], [-0.0054834624752402306, 0.009800000116229057, -0.02867579646408558], [0.003547774162143469, 0.009800000116229057, -0.04192448407411575], [0.0010070949792861938, 0.009800000116229057, -0.0224333256483078], [0.001308673177845776, 0.009800000116229057, -0.03395118564367294]], "normal_candidates": [[0.0, 1.0, 0.0], [0.0, 1.0, -0.0], [0.0, 1.0, 0.0], [0.0, 1.0, -0.0], [0.0, 1.0, -0.0], [0.0, 1.0, 0.0], [0.0, 1.0, -0.0], [0.0, 1.0, 0.0]]}, "index_link_3": {"contact_candidates": [[-0.0022909678518772125, 0.01346625480800867, -0.03025156445801258], [0.010100343264639378, 0.009583628736436367, -0.015671517699956894], [-0.010474643670022488, 0.009259293787181377, -0.014911548234522343], [0.010852500796318054, 0.008341862820088863, -0.03036750853061676], [-0.0003627883561421186, 0.013947844505310059, -0.017776118591427803], [-0.010865041986107826, 0.008724748156964779, -0.025509895756840706], [0.0039483848959207535, 0.009165137074887753, -0.0383639931678772], [-0.006320033222436905, 0.008277797140181065, -0.03781376779079437]], "normal_candidates": [[-0.14117200672626495, 0.9815052151679993, -0.12929803133010864], [0.3552294671535492, 0.9345946311950684, -0.018570201471447945], [-0.3569963276386261, 0.9341058135032654, 4.155984356657427e-08], [0.8258232474327087, 0.5307406187057495, -0.19060516357421875], [-0.14229978621006012, 0.989823579788208, 6.604163438339583e-09], [-0.645485520362854, 0.7451256513595581, -0.16773846745491028], [0.3309052586555481, 0.7243148684501648, -0.6048716306686401], [-0.5214229822158813, 0.6016853451728821, -0.6050560474395752]]}, "middle_link_1": {"contact_candidates": [[0.006636232603341341, 0.009800000116229057, -0.04045357182621956], [-0.008915095590054989, 0.009800000116229057, 0.0020495925564318895], [0.00824423972517252, 0.009800000116229057, -0.016153793781995773], [-0.009150568395853043, 0.009800000116229057, -0.055477507412433624], [-0.008695711381733418, 0.009800000116229057, -0.027202455326914787], [0.008416743017733097, 0.009800000116229057, 0.0013306374894455075], [0.006600299850106239, 0.009800000116229057, -0.05544106289744377], [-0.00613746140152216, 0.009800000116229057, -0.012819521129131317]], "normal_candidates": [[0.0, 1.0, 0.0], [0.0, 1.0, 0.0], [0.0, 1.0, 0.0], [0.0, 1.0, 0.0], [0.0, 1.0, 0.0], [-0.0, 1.0, 0.0], [0.0, 1.0, 0.0], [0.0, 1.0, 0.0]]}, "middle_link_2": {"contact_candidates": [[0.00818105973303318, 0.009800000116229057, -0.029315883293747902], [-0.010366429574787617, 0.009800000116229057, -0.015038974583148956], [-0.00997557770460844, 0.009800000116229057, -0.04177973046898842], [0.005384738091379404, 0.009800000116229057, -0.014606226235628128], [-0.0054834624752402306, 0.009800000116229057, -0.02867579646408558], [0.003547774162143469, 0.009800000116229057, -0.04192448407411575], [0.0010070949792861938, 0.009800000116229057, -0.0224333256483078], [0.001308673177845776, 0.009800000116229057, -0.03395118564367294]], "normal_candidates": [[0.0, 1.0, 0.0], [0.0, 1.0, -0.0], [0.0, 1.0, 0.0], [0.0, 1.0, -0.0], [0.0, 1.0, -0.0], [0.0, 1.0, 0.0], [0.0, 1.0, -0.0], [0.0, 1.0, 0.0]]}, "middle_link_3": {"contact_candidates": [[-0.0022909678518772125, 0.01346625480800867, -0.03025156445801258], [0.010100343264639378, 0.009583628736436367, -0.015671517699956894], [-0.010474643670022488, 0.009259293787181377, -0.014911548234522343], [0.010852500796318054, 0.008341862820088863, -0.03036750853061676], [-0.0003627883561421186, 0.013947844505310059, -0.017776118591427803], [-0.010865041986107826, 0.008724748156964779, -0.025509895756840706], [0.0039483848959207535, 0.009165137074887753, -0.0383639931678772], [-0.006320033222436905, 0.008277797140181065, -0.03781376779079437]], "normal_candidates": [[-0.14117200672626495, 0.9815052151679993, -0.12929803133010864], [0.3552294671535492, 0.9345946311950684, -0.018570201471447945], [-0.3569963276386261, 0.9341058135032654, 4.155984356657427e-08], [0.8258232474327087, 0.5307406187057495, -0.19060516357421875], [-0.14229978621006012, 0.989823579788208, 6.604163438339583e-09], [-0.645485520362854, 0.7451256513595581, -0.16773846745491028], [0.3309052586555481, 0.7243148684501648, -0.6048716306686401], [-0.5214229822158813, 0.6016853451728821, -0.6050560474395752]]}, "ring_link_1": {"contact_candidates": [[0.006636232603341341, 0.009800000116229057, -0.04045357182621956], [-0.008915095590054989, 0.009800000116229057, 0.0020495925564318895], [0.00824423972517252, 0.009800000116229057, -0.016153793781995773], [-0.009150568395853043, 0.009800000116229057, -0.055477507412433624], [-0.008695711381733418, 0.009800000116229057, -0.027202455326914787], [0.008416743017733097, 0.009800000116229057, 0.0013306374894455075], [0.006600299850106239, 0.009800000116229057, -0.05544106289744377], [-0.00613746140152216, 0.009800000116229057, -0.012819521129131317]], "normal_candidates": [[0.0, 1.0, 0.0], [0.0, 1.0, 0.0], [0.0, 1.0, 0.0], [0.0, 1.0, 0.0], [0.0, 1.0, 0.0], [-0.0, 1.0, 0.0], [0.0, 1.0, 0.0], [0.0, 1.0, 0.0]]}, "ring_link_2": {"contact_candidates": [[0.00818105973303318, 0.009800000116229057, -0.029315883293747902], [-0.010366429574787617, 0.009800000116229057, -0.015038974583148956], [-0.00997557770460844, 0.009800000116229057, -0.04177973046898842], [0.005384738091379404, 0.009800000116229057, -0.014606226235628128], [-0.0054834624752402306, 0.009800000116229057, -0.02867579646408558], [0.003547774162143469, 0.009800000116229057, -0.04192448407411575], [0.0010070949792861938, 0.009800000116229057, -0.0224333256483078], [0.001308673177845776, 0.009800000116229057, -0.03395118564367294]], "normal_candidates": [[0.0, 1.0, 0.0], [0.0, 1.0, -0.0], [0.0, 1.0, 0.0], [0.0, 1.0, -0.0], [0.0, 1.0, -0.0], [0.0, 1.0, 0.0], [0.0, 1.0, -0.0], [0.0, 1.0, 0.0]]}, "ring_link_3": {"contact_candidates": [[-0.0022909678518772125, 0.01346625480800867, -0.03025156445801258], [0.010100343264639378, 0.009583628736436367, -0.015671517699956894], [-0.010474643670022488, 0.009259293787181377, -0.014911548234522343], [0.010852500796318054, 0.008341862820088863, -0.03036750853061676], [-0.0003627883561421186, 0.013947844505310059, -0.017776118591427803], [-0.010865041986107826, 0.008724748156964779, -0.025509895756840706], [0.0039483848959207535, 0.009165137074887753, -0.0383639931678772], [-0.006320033222436905, 0.008277797140181065, -0.03781376779079437]],