{
    "index_link_1":  [[0.005572, -0.002204, 0, 0.015],[0.026406,  -0.003759  , 0, 0.015], [0.0446,  -0.003759  , 0, 0.012]],
    "index_link_2":  [[0.0376, -0.003, 0, 0.012],[0.015, -0.002, 0, 0.012]],
    "index_link_3":  [[0.0, 0, 0.028, 0.0123]],

    "middle_link_1":  [[0.005572, -0.002204, 0, 0.015],[0.026406,  -0.003759  , 0, 0.015], [0.0446,  -0.003759  , 0, 0.012]],
    "middle_link_2":  [[0.0376, -0.003, 0, 0.012],[0.015, -0.002, 0, 0.012]],
    "middle_link_3":  [[0.0, 0, 0.028, 0.0123]],

    "ring_link_1":  [[0.005572, -0.002204, 0, 0.015],[0.026406,  -0.003759  , 0, 0.015], [0.0446,  -0.003759  , 0, 0.012]],
    "ring_link_2":  [[0.0376, -0.003, 0, 0.012],[0.015, -0.002, 0, 0.012]],
    "ring_link_3":  [[0.0, 0, 0.028, 0.0123]],

    "thumb_link_2":  [[0.0376, -0.003, 0, 0.012],[0.015, -0.002, 0, 0.012]],
    "thumb_link_3":  [[0.0, 0, 0.028, 0.0123]],
    "palm_link":  [[0.014, 0.014, -0.014, 0.026],[0.014, 0.044, -0.014, 0.026],[0.014, -0.022, -0.014, 0.026],[-0.03, 0.0338, -0.014, 0.026]]
}
